OrderID,OrderDate,CustomerID,Product,Category,Region,Quantity,Price,Total
1,2024-11-15,Customer_021,Headphones,Electronics,Asia,3,6.74,20.22
2,2024-07-13,Customer_044,Smartphone,Books,Australia,2,101.55,203.1
3,2024-09-21,Customer_001,Novel,Books,South America,4,424.33,1697.32
4,2023-07-12,Customer_037,Novel,Fashion,Asia,3,381.67,1145.01
5,2025-04-15,Customer_046,Lamp,Toys & Games,Europe,2,43.19,86.38
6,2025-02-02,Customer_042,Novel,Toys & Games,Asia,1,319.27,319.27
7,2024-12-08,Customer_003,Sofa,Electronics,Europe,1,15.26,15.26
8,2023-12-26,Customer_034,Board Game,Home & Garden,North America,6,269.43,1616.58
9,2023-01-10,Customer_013,Action Figure,Toys & Games,Asia,5,84.93,424.65000000000003
10,2024-12-24,Customer_016,Action Figure,Books,Europe,4,427.46,1709.84
11,2023-10-05,Customer_034,Smartphone,Books,Asia,9,309.33,2783.97
12,2025-01-24,Customer_024,T-shirt,Books,Australia,3,36.67,110.01
13,2025-03-15,Customer_013,Lamp,Toys & Games,South America,1,322.42,322.42
14,2024-08-22,Customer_006,T-shirt,Fashion,North America,5,446.64,2233.2
15,2023-03-12,Customer_039,Headphones,Toys & Games,South America,9,368.18,3313.62
16,2024-04-17,Customer_002,Novel,Toys & Games,South America,4,62.03,248.12
17,2024-08-23,Customer_011,Action Figure,Electronics,Australia,8,334.22,2673.76
18,2024-02-01,Customer_007,Sofa,Home & Garden,Europe,6,307.3,1843.8000000000002
19,2023-11-11,Customer_007,Novel,Toys & Games,North America,2,317.52,635.04
20,2024-12-06,Customer_039,Board Game,Toys & Games,South America,4,398.61,1594.44
21,2024-05-01,Customer_039,Board Game,Home & Garden,Asia,1,155.69,155.69
22,2024-07-05,Customer_012,Lamp,Books,Europe,5,180.96,904.8000000000001
23,2023-03-29,Customer_022,Board Game,Home & Garden,North America,2,104.9,209.8
24,2023-06-24,Customer_003,Board Game,Toys & Games,South America,4,231.3,925.2
25,2024-08-23,Customer_013,Shoes,Fashion,South America,5,207.87,1039.35
26,2025-04-29,Customer_030,Board Game,Electronics,Europe,9,46.63,419.67
27,2024-11-08,Customer_010,Shoes,Electronics,Asia,9,125.09,1125.81
28,2024-06-21,Customer_009,Novel,Home & Garden,South America,6,64.36,386.15999999999997
29,2025-04-25,Customer_006,Headphones,Home & Garden,Australia,1,279.48,279.48
30,2023-03-14,Customer_044,Action Figure,Books,Australia,4,97.7,390.8
31,2025-02-16,Customer_002,Smartphone,Electronics,Europe,6,166.17,997.02
32,2025-07-05,Customer_044,Shoes,Home & Garden,North America,9,409.44,3684.96
33,2023-04-26,Customer_016,Headphones,Toys & Games,Europe,1,288.07,288.07
34,2025-09-03,Customer_013,Smartphone,Toys & Games,Europe,6,262.19,1573.1399999999999
35,2025-01-25,Customer_048,Novel,Fashion,North America,6,472.46,2834.7599999999998
36,2024-12-10,Customer_013,Action Figure,Fashion,North America,9,221.49,1993.41
37,2025-04-27,Customer_022,Novel,Home & Garden,North America,3,442.4,1327.1999999999998
38,2024-03-07,Customer_019,Sofa,Books,Asia,1,291.04,291.04
39,2024-03-24,Customer_026,Novel,Books,South America,8,205.64,1645.12
40,2025-04-30,Customer_014,Novel,Books,Europe,8,176.31,1410.48
41,2023-04-10,Customer_031,Smartphone,Books,Australia,1,452.17,452.17
42,2025-09-11,Customer_029,Sofa,Electronics,North America,4,284.8,1139.2
43,2023-06-27,Customer_045,Lamp,Books,North America,2,129.6,259.2
44,2025-01-25,Customer_042,Sofa,Fashion,North America,1,262.14,262.14
45,2025-03-08,Customer_022,Action Figure,Fashion,South America,9,128.64,1157.7599999999998
46,2024-10-21,Customer_007,Action Figure,Electronics,Australia,1,124.13,124.13
47,2023-05-28,Customer_037,Smartphone,Home & Garden,Europe,7,68.92,482.44
48,2025-06-29,Customer_049,Sofa,Toys & Games,South America,3,346.21,1038.6299999999999
49,2024-02-28,Customer_041,Headphones,Fashion,Asia,2,391.62,783.24
50,2023-10-16,Customer_027,Board Game,Fashion,Australia,4,165.19,660.76
51,2025-08-19,Customer_031,Sofa,Electronics,Australia,5,207.6,1038.0
52,2023-09-23,Customer_006,Smartphone,Fashion,Asia,6,397.57,2385.42
53,2024-11-28,Customer_016,Action Figure,Toys & Games,Europe,2,13.07,26.14
54,2024-10-01,Customer_038,Smartphone,Electronics,Australia,7,169.75,1188.25
55,2024-06-28,Customer_038,Novel,Books,North America,2,157.26,314.52
56,2024-06-27,Customer_050,Action Figure,Books,Europe,4,274.01,1096.04
57,2024-12-15,Customer_032,Sofa,Books,South America,9,447.96,4031.64
58,2023-09-02,Customer_033,Laptop,Toys & Games,Asia,3,25.06,75.17999999999999
59,2023-06-01,Customer_049,Smartphone,Home & Garden,North America,7,422.17,2955.19
60,2024-11-06,Customer_017,Board Game,Fashion,North America,1,280.78,280.78
61,2024-05-25,Customer_033,Sofa,Toys & Games,North America,5,295.9,1479.5
62,2024-04-04,Customer_011,Smartphone,Home & Garden,South America,5,478.7,2393.5
63,2025-06-01,Customer_013,T-shirt,Electronics,North America,1,68.5,68.5
64,2023-07-03,Customer_030,Board Game,Toys & Games,Australia,4,141.94,567.76
65,2023-01-29,Customer_001,Action Figure,Electronics,North America,4,118.88,475.52
66,2025-03-13,Customer_030,Headphones,Home & Garden,Europe,7,237.08,1659.5600000000002
67,2023-05-09,Customer_027,Action Figure,Toys & Games,Australia,8,292.02,2336.16
68,2023-05-09,Customer_040,Shoes,Fashion,North America,7,365.29,2557.03
69,2025-07-21,Customer_023,Shoes,Home & Garden,South America,8,31.25,250.0
70,2023-02-23,Customer_020,Novel,Fashion,North America,2,215.93,431.86
71,2025-06-20,Customer_006,T-shirt,Electronics,South America,7,462.52,3237.64
72,2024-07-04,Customer_037,Action Figure,Fashion,Australia,9,233.98,2105.8199999999997
73,2024-05-03,Customer_020,Shoes,Toys & Games,Australia,3,409.72,1229.16
74,2025-01-26,Customer_037,Shoes,Toys & Games,Australia,6,60.43,362.58
75,2023-10-01,Customer_006,Smartphone,Books,Australia,1,148.39,148.39
76,2023-12-02,Customer_029,Novel,Fashion,South America,3,369.02,1107.06
77,2024-01-24,Customer_013,Sofa,Books,Europe,6,312.57,1875.42
78,2024-09-09,Customer_027,Sofa,Home & Garden,South America,4,224.36,897.44
79,2023-02-12,Customer_050,Novel,Electronics,South America,1,336.11,336.11
80,2024-03-18,Customer_020,Novel,Home & Garden,North America,6,386.63,2319.7799999999997
81,2024-06-27,Customer_013,Shoes,Electronics,North America,3,449.27,1347.81
82,2025-06-07,Customer_039,Headphones,Fashion,South America,4,222.98,891.92
83,2023-09-15,Customer_008,Smartphone,Toys & Games,Asia,4,323.09,1292.36
84,2023-11-18,Customer_017,Headphones,Fashion,Europe,1,193.82,193.82
85,2025-09-26,Customer_030,Board Game,Electronics,Australia,7,463.89,3247.23
86,2025-07-26,Customer_001,Sofa,Books,Australia,7,242.94,1700.58
87,2023-02-27,Customer_024,Action Figure,Electronics,Australia,2,208.21,416.42
88,2023-10-19,Customer_016,Action Figure,Books,North America,7,470.04,3290.28
89,2025-05-20,Customer_011,Action Figure,Home & Garden,North America,6,5.97,35.82
90,2023-04-30,Customer_004,Headphones,Toys & Games,Europe,7,169.33,1185.3100000000002
91,2025-02-18,Customer_004,Headphones,Home & Garden,Europe,3,419.91,1259.73
92,2024-03-06,Customer_017,Action Figure,Fashion,South America,1,228.47,228.47
93,2023-03-24,Customer_049,T-shirt,Books,North America,2,177.45,354.9
94,2023-04-02,Customer_010,Smartphone,Books,Australia,9,295.97,2663.7300000000005
95,2025-06-15,Customer_021,Smartphone,Home & Garden,South America,1,205.31,205.31
96,2024-02-03,Customer_038,Laptop,Toys & Games,Asia,5,168.1,840.5
97,2024-09-03,Customer_049,Headphones,Toys & Games,Asia,9,136.66,1229.94
98,2024-07-19,Customer_018,Smartphone,Home & Garden,Europe,3,159.96,479.88
99,2025-06-27,Customer_010,Novel,Toys & Games,North America,8,462.46,3699.68
100,2024-09-25,Customer_045,Laptop,Fashion,North America,9,480.04,4320.360000000001
101,2025-07-27,Customer_016,Headphones,Electronics,Asia,1,53.92,53.92
102,2023-03-26,Customer_039,Board Game,Books,Europe,7,369.03,2583.21
103,2023-07-23,Customer_015,Shoes,Books,Europe,5,330.59,1652.9499999999998
104,2023-11-21,Customer_034,T-shirt,Books,North America,1,317.33,317.33
105,2025-02-13,Customer_005,Board Game,Electronics,North America,6,21.26,127.56
106,2025-08-22,Customer_017,Shoes,Fashion,Asia,8,140.36,1122.88
107,2023-02-17,Customer_037,Laptop,Home & Garden,Australia,2,374.32,748.64
108,2024-10-01,Customer_008,Laptop,Toys & Games,Europe,3,250.42,751.26
109,2023-05-12,Customer_024,Lamp,Toys & Games,North America,1,16.82,16.82
110,2025-08-30,Customer_028,T-shirt,Electronics,Europe,9,265.63,2390.67
111,2025-05-18,Customer_047,Shoes,Books,Australia,6,424.66,2547.96
112,2023-06-30,Customer_008,Shoes,Toys & Games,Asia,7,439.82,3078.74
113,2025-04-26,Customer_023,Smartphone,Home & Garden,Australia,7,449.82,3148.74
114,2023-05-24,Customer_035,Laptop,Toys & Games,Asia,4,266.03,1064.12
115,2024-10-22,Customer_031,Novel,Books,Europe,3,236.15,708.45
116,2023-08-16,Customer_017,Action Figure,Home & Garden,South America,5,125.95,629.75
117,2025-08-12,Customer_028,Lamp,Books,Europe,2,433.71,867.42
118,2025-03-02,Customer_048,Headphones,Books,South America,9,400.93,3608.37
119,2024-12-20,Customer_048,Action Figure,Electronics,Europe,7,432.47,3027.29
120,2025-06-28,Customer_012,Action Figure,Books,Australia,3,116.84,350.52
121,2024-01-09,Customer_024,Board Game,Home & Garden,Asia,6,53.46,320.76
122,2025-05-03,Customer_015,Lamp,Electronics,Europe,2,350.73,701.46
123,2024-07-14,Customer_040,T-shirt,Electronics,North America,7,457.01,3199.0699999999997
124,2023-11-02,Customer_031,Smartphone,Home & Garden,Asia,7,458.71,3210.97
125,2024-08-04,Customer_027,Action Figure,Electronics,Australia,1,266.67,266.67
126,2023-06-19,Customer_035,Sofa,Home & Garden,Europe,4,322.84,1291.36
127,2024-11-06,Customer_018,T-shirt,Toys & Games,Asia,8,60.48,483.84
128,2024-03-24,Customer_036,Shoes,Electronics,North America,1,141.27,141.27
129,2023-04-06,Customer_008,Sofa,Toys & Games,Asia,7,271.19,1898.33
130,2023-07-17,Customer_046,Novel,Electronics,Europe,9,440.98,3968.82
131,2024-08-29,Customer_049,Lamp,Books,North America,3,244.65,733.95
132,2023-09-14,Customer_038,Lamp,Home & Garden,Europe,9,298.39,2685.5099999999998
133,2025-05-31,Customer_005,Board Game,Books,South America,2,32.49,64.98
134,2024-11-21,Customer_014,Shoes,Toys & Games,Asia,4,482.5,1930.0
135,2023-10-20,Customer_038,Shoes,Home & Garden,North America,5,248.75,1243.75
136,2025-07-19,Customer_020,Headphones,Home & Garden,Europe,5,84.33,421.65
137,2025-03-27,Customer_044,Novel,Toys & Games,South America,2,172.79,345.58
138,2025-05-11,Customer_009,Shoes,Home & Garden,Europe,2,259.09,518.18
139,2024-01-23,Customer_033,Board Game,Home & Garden,Europe,6,73.56,441.36
140,2024-09-02,Customer_018,Board Game,Electronics,Asia,7,102.34,716.38
141,2024-07-08,Customer_006,Sofa,Fashion,Asia,9,458.37,4125.33
142,2025-08-31,Customer_037,Board Game,Books,South America,2,436.91,873.82
143,2024-01-04,Customer_002,Action Figure,Fashion,Asia,1,65.54,65.54
144,2025-09-26,Customer_030,Shoes,Home & Garden,North America,1,143.1,143.1
145,2025-07-06,Customer_006,Action Figure,Fashion,South America,1,319.61,319.61
146,2023-07-21,Customer_017,Sofa,Electronics,Asia,3,133.58,400.74
147,2024-01-19,Customer_039,Board Game,Toys & Games,Australia,9,6.03,54.27
148,2024-05-27,Customer_041,Laptop,Toys & Games,North America,2,352.1,704.2
149,2025-06-25,Customer_023,Novel,Fashion,Europe,1,100.57,100.57
150,2024-01-06,Customer_031,Laptop,Electronics,North America,9,165.85,1492.6499999999999
151,2024-07-09,Customer_020,Smartphone,Toys & Games,North America,2,145.55,291.1
152,2025-08-12,Customer_005,Lamp,Fashion,North America,7,80.42,562.94
153,2024-01-19,Customer_021,Lamp,Fashion,Australia,1,72.16,72.16
154,2023-01-24,Customer_043,T-shirt,Books,North America,9,76.73,690.57
155,2024-11-30,Customer_011,Sofa,Electronics,Australia,9,483.91,4355.1900000000005
156,2023-05-11,Customer_004,Novel,Books,Australia,1,364.79,364.79
157,2024-01-13,Customer_023,Lamp,Fashion,Asia,9,470.34,4233.0599999999995
158,2023-04-09,Customer_038,Laptop,Books,Australia,4,287.91,1151.64
159,2024-07-28,Customer_030,Smartphone,Books,Australia,4,168.85,675.4
160,2025-07-20,Customer_042,Lamp,Fashion,South America,1,86.14,86.14
161,2025-01-04,Customer_041,Lamp,Toys & Games,Australia,8,244.26,1954.08
162,2023-05-04,Customer_018,T-shirt,Home & Garden,North America,5,249.23,1246.1499999999999
163,2025-08-21,Customer_041,Headphones,Toys & Games,Europe,3,389.85,1169.5500000000002
164,2024-08-17,Customer_043,Headphones,Electronics,Australia,2,266.58,533.16
165,2025-07-31,Customer_031,T-shirt,Toys & Games,Australia,7,101.45,710.15
166,2025-01-09,Customer_030,T-shirt,Fashion,Asia,3,408.02,1224.06
167,2023-05-29,Customer_034,Shoes,Books,Asia,4,78.22,312.88
168,2023-07-29,Customer_031,Smartphone,Electronics,North America,5,266.81,1334.05
169,2024-07-16,Customer_047,Laptop,Electronics,South America,8,26.02,208.16
170,2024-02-16,Customer_038,Lamp,Electronics,Australia,3,187.74,563.22
171,2025-02-21,Customer_025,Lamp,Books,Europe,1,337.58,337.58
172,2023-02-11,Customer_017,Laptop,Toys & Games,Australia,2,73.66,147.32
173,2023-02-28,Customer_036,Board Game,Books,South America,7,264.82,1853.74
174,2024-12-06,Customer_040,Action Figure,Home & Garden,South America,9,271.73,2445.57
175,2023-02-06,Customer_030,Board Game,Electronics,Europe,8,455.13,3641.04
176,2025-02-17,Customer_002,Sofa,Fashion,North America,8,235.98,1887.84
177,2023-03-28,Customer_024,Headphones,Books,Australia,2,43.78,87.56
178,2023-02-13,Customer_009,Board Game,Electronics,Australia,4,77.24,308.96
179,2025-05-22,Customer_001,Action Figure,Books,Asia,3,141.43,424.29
180,2023-01-12,Customer_024,T-shirt,Books,North America,8,400.48,3203.84
181,2025-02-09,Customer_038,T-shirt,Toys & Games,Europe,3,131.28,393.84000000000003
182,2023-11-04,Customer_048,Laptop,Books,Australia,9,306.67,2760.03
183,2023-03-22,Customer_027,Headphones,Fashion,South America,8,43.8,350.4
184,2023-02-02,Customer_026,Sofa,Home & Garden,North America,7,105.06,735.4200000000001
185,2023-07-02,Customer_026,Novel,Home & Garden,South America,4,311.48,1245.92
186,2023-05-09,Customer_007,Novel,Books,South America,6,53.58,321.48
187,2025-03-17,Customer_025,Smartphone,Books,Australia,1,359.19,359.19
188,2023-10-03,Customer_016,Shoes,Books,Europe,5,227.3,1136.5
189,2023-06-24,Customer_038,Headphones,Home & Garden,Europe,6,143.39,860.3399999999999
190,2024-07-08,Customer_042,Laptop,Books,Europe,7,437.58,3063.06
191,2024-01-07,Customer_018,Shoes,Toys & Games,Australia,6,338.21,2029.2599999999998
192,2023-07-04,Customer_017,Headphones,Books,Asia,2,36.77,73.54
193,2024-03-20,Customer_049,Headphones,Fashion,Europe,7,336.75,2357.25
194,2024-05-03,Customer_044,Headphones,Fashion,South America,6,103.2,619.2
195,2024-08-12,Customer_047,Shoes,Home & Garden,South America,1,460.53,460.53
196,2023-10-14,Customer_006,Sofa,Fashion,Asia,9,81.1,729.9
197,2023-10-08,Customer_020,Smartphone,Home & Garden,North America,9,310.26,2792.34
198,2024-09-29,Customer_048,Novel,Fashion,Australia,4,124.99,499.96
199,2025-02-09,Customer_023,Sofa,Home & Garden,Australia,8,471.37,3770.96
200,2024-05-30,Customer_046,Shoes,Electronics,South America,6,165.61,993.6600000000001
201,2023-04-05,Customer_012,Board Game,Fashion,Europe,3,296.87,890.61
202,2023-08-15,Customer_012,Shoes,Books,Europe,6,69.11,414.65999999999997
203,2025-05-25,Customer_034,Laptop,Home & Garden,Asia,1,242.29,242.29
204,2023-09-27,Customer_008,Lamp,Home & Garden,North America,5,306.37,1531.85
205,2025-05-30,Customer_027,Shoes,Toys & Games,Europe,7,386.49,2705.4300000000003
206,2023-10-24,Customer_049,Lamp,Electronics,Europe,3,280.75,842.25
207,2023-11-25,Customer_008,Board Game,Electronics,South America,7,353.28,2472.96
208,2023-01-20,Customer_048,Sofa,Books,Europe,2,430.25,860.5
209,2024-08-30,Customer_033,Smartphone,Home & Garden,Australia,5,152.79,763.9499999999999
210,2025-04-20,Customer_037,Board Game,Electronics,Europe,8,173.38,1387.04
211,2024-02-15,Customer_019,Shoes,Electronics,Europe,4,19.64,78.56
212,2024-03-26,Customer_024,Shoes,Toys & Games,North America,8,279.36,2234.88
213,2023-09-06,Customer_022,Board Game,Books,Australia,1,485.91,485.91
214,2023-06-30,Customer_003,Novel,Books,Asia,6,369.37,2216.2200000000003
215,2023-11-20,Customer_009,Action Figure,Electronics,Australia,3,496.33,1488.99
216,2025-04-09,Customer_011,T-shirt,Fashion,Asia,9,229.9,2069.1
217,2025-02-21,Customer_006,Novel,Toys & Games,North America,6,375.0,2250.0
218,2025-05-14,Customer_039,Action Figure,Fashion,North America,1,84.8,84.8
219,2023-09-18,Customer_039,Board Game,Toys & Games,South America,7,213.89,1497.23
220,2025-08-21,Customer_037,T-shirt,Fashion,North America,1,323.59,323.59
221,2025-01-19,Customer_002,Smartphone,Books,Europe,2,227.9,455.8
222,2023-05-20,Customer_037,Sofa,Home & Garden,Australia,4,19.71,78.84
223,2024-08-21,Customer_006,Laptop,Books,Asia,5,161.84,809.2
224,2024-04-06,Customer_006,Shoes,Electronics,Australia,7,339.65,2377.5499999999997
225,2025-06-08,Customer_039,Lamp,Fashion,Australia,1,200.62,200.62
226,2024-09-13,Customer_036,Shoes,Electronics,Australia,8,226.96,1815.68
227,2025-04-23,Customer_025,Laptop,Books,Australia,5,428.81,2144.05
228,2024-11-27,Customer_050,Shoes,Fashion,Australia,4,138.35,553.4
229,2024-06-12,Customer_016,Lamp,Toys & Games,North America,4,309.89,1239.56
230,2023-06-02,Customer_021,Board Game,Home & Garden,Australia,4,423.66,1694.64
231,2025-07-14,Customer_010,Sofa,Books,Australia,3,404.54,1213.6200000000001
232,2023-05-30,Customer_005,Smartphone,Books,Asia,2,123.17,246.34
233,2023-04-21,Customer_050,Novel,Home & Garden,Australia,4,30.29,121.16
234,2023-01-26,Customer_025,Shoes,Books,Australia,9,142.03,1278.27
235,2024-04-09,Customer_031,T-shirt,Fashion,Australia,2,92.32,184.64
236,2025-08-14,Customer_003,Novel,Fashion,Europe,9,18.72,168.48
237,2025-06-08,Customer_020,Laptop,Books,Europe,9,155.66,1400.94
238,2025-06-05,Customer_004,Shoes,Fashion,Europe,5,262.8,1314.0
239,2023-04-28,Customer_014,Sofa,Books,Australia,7,326.91,2288.3700000000003
240,2024-03-21,Customer_012,Lamp,Books,North America,4,192.06,768.24
241,2024-08-18,Customer_014,Lamp,Toys & Games,Europe,7,106.12,742.84
242,2024-11-04,Customer_037,Novel,Home & Garden,South America,6,286.81,1720.8600000000001
243,2025-05-22,Customer_018,T-shirt,Fashion,Europe,9,377.42,3396.78
244,2025-07-17,Customer_027,Novel,Home & Garden,Asia,1,349.0,349.0
245,2023-08-17,Customer_007,Headphones,Toys & Games,North America,8,429.21,3433.68
246,2024-05-22,Customer_048,Laptop,Electronics,Asia,7,135.61,949.2700000000001
247,2025-02-02,Customer_035,Smartphone,Books,Asia,5,253.99,1269.95
248,2023-05-02,Customer_022,Lamp,Fashion,Europe,9,246.78,2221.02
249,2023-11-23,Customer_021,Sofa,Electronics,Asia,5,164.18,820.9000000000001
250,2024-04-14,Customer_043,Board Game,Electronics,Asia,6,344.78,2068.68
251,2023-10-15,Customer_018,T-shirt,Fashion,North America,6,71.45,428.70000000000005
252,2024-06-09,Customer_038,Action Figure,Electronics,Europe,7,403.55,2824.85
253,2025-04-19,Customer_026,Novel,Books,North America,8,23.13,185.04
254,2024-11-27,Customer_022,Action Figure,Books,Australia,4,197.15,788.6
255,2023-06-02,Customer_037,Lamp,Books,Europe,9,305.62,2750.58
256,2024-08-14,Customer_005,Smartphone,Toys & Games,Asia,2,215.06,430.12
257,2023-02-11,Customer_048,T-shirt,Electronics,Europe,2,329.57,659.14
258,2023-10-02,Customer_035,Action Figure,Books,Europe,9,24.21,217.89000000000001
259,2024-07-06,Customer_012,Sofa,Toys & Games,Australia,2,434.24,868.48
260,2024-03-14,Customer_035,Smartphone,Books,North America,5,43.44,217.2
261,2023-07-27,Customer_034,Lamp,Books,Europe,9,147.43,1326.8700000000001
262,2025-02-18,Customer_047,Headphones,Fashion,Europe,4,150.22,600.88
263,2023-06-16,Customer_020,Novel,Books,South America,2,10.85,21.7
264,2023-04-22,Customer_049,Sofa,Books,Europe,7,51.54,360.78
265,2023-12-16,Customer_012,Novel,Books,North America,5,426.68,2133.4
266,2023-05-10,Customer_034,Board Game,Books,South America,6,389.03,2334.18
267,2025-01-05,Customer_026,Lamp,Books,Asia,1,370.31,370.31
268,2025-06-05,Customer_034,Lamp,Home & Garden,Asia,8,346.2,2769.6
269,2025-03-23,Customer_032,Shoes,Home & Garden,Europe,7,41.89,293.23
270,2023-08-05,Customer_046,Board Game,Toys & Games,North America,7,152.84,1069.88
271,2024-01-17,Customer_007,Board Game,Toys & Games,Europe,8,8.25,66.0
272,2023-01-25,Customer_026,Shoes,Toys & Games,Asia,3,34.96,104.88
273,2023-03-09,Customer_025,T-shirt,Home & Garden,Europe,2,23.75,47.5
274,2025-09-05,Customer_046,T-shirt,Toys & Games,Europe,2,103.47,206.94
275,2025-02-10,Customer_039,Smartphone,Fashion,Asia,6,32.86,197.16
276,2023-08-23,Customer_017,Shoes,Electronics,Asia,3,13.36,40.08
277,2024-12-17,Customer_024,Board Game,Fashion,South America,2,126.23,252.46
278,2025-09-25,Customer_027,Sofa,Electronics,South America,2,400.43,800.86
279,2023-10-19,Customer_004,Smartphone,Electronics,North America,5,32.87,164.35
280,2024-12-27,Customer_027,Board Game,Books,North America,1,492.35,492.35
281,2024-12-02,Customer_047,Novel,Toys & Games,Asia,4,330.5,1322.0
282,2024-12-10,Customer_030,Sofa,Electronics,North America,7,434.08,3038.56
283,2024-12-28,Customer_003,T-shirt,Books,North America,6,332.05,1992.3000000000002
284,2024-07-09,Customer_006,Headphones,Fashion,South America,6,389.55,2337.3
285,2023-02-02,Customer_008,Laptop,Books,Asia,5,153.89,769.4499999999999
286,2023-01-12,Customer_016,Action Figure,Electronics,South America,8,132.38,1059.04
287,2024-09-08,Customer_015,Novel,Books,Europe,6,333.89,2003.34
288,2023-08-01,Customer_036,Smartphone,Books,Asia,2,283.76,567.52
289,2023-05-19,Customer_040,Smartphone,Fashion,Australia,3,255.3,765.9000000000001
290,2024-11-25,Customer_008,Smartphone,Fashion,North America,3,92.74,278.21999999999997
291,2024-02-26,Customer_039,Board Game,Electronics,North America,2,119.17,238.34
292,2024-09-29,Customer_030,Novel,Books,Asia,2,277.11,554.22
293,2024-10-30,Customer_050,T-shirt,Home & Garden,Australia,2,207.91,415.82
294,2024-09-15,Customer_012,Action Figure,Books,Asia,5,481.44,2407.2
295,2024-05-03,Customer_004,Lamp,Electronics,North America,9,278.65,2507.85
296,2025-02-09,Customer_014,Smartphone,Home & Garden,North America,3,218.7,656.0999999999999
297,2024-06-23,Customer_025,Headphones,Books,Asia,6,475.55,2853.3
298,2025-09-06,Customer_005,Action Figure,Fashion,Europe,8,50.35,402.8
299,2023-08-06,Customer_023,T-shirt,Electronics,South America,2,139.53,279.06
300,2024-10-25,Customer_030,Novel,Books,Asia,2,176.47,352.94
301,2025-04-01,Customer_039,Board Game,Fashion,Europe,8,427.48,3419.84
302,2023-11-04,Customer_012,Action Figure,Electronics,Australia,1,384.37,384.37
303,2023-06-24,Customer_015,Action Figure,Home & Garden,North America,2,155.83,311.66
304,2023-05-29,Customer_019,Shoes,Home & Garden,North America,7,436.92,3058.44
305,2025-08-07,Customer_026,Headphones,Electronics,Asia,9,35.97,323.73
306,2024-06-25,Customer_045,Sofa,Fashion,Australia,7,249.27,1744.89
307,2024-08-02,Customer_004,Lamp,Home & Garden,Asia,8,329.07,2632.56
308,2024-07-01,Customer_038,T-shirt,Electronics,South America,8,159.54,1276.32
309,2025-03-18,Customer_008,Sofa,Books,Asia,3,39.24,117.72
310,2024-01-29,Customer_030,Novel,Electronics,North America,6,132.29,793.74
311,2023-03-15,Customer_015,Board Game,Electronics,North America,5,244.47,1222.35
312,2023-10-25,Customer_012,Laptop,Electronics,Europe,3,162.46,487.38
313,2025-07-08,Customer_010,Shoes,Fashion,South America,2,210.76,421.52
314,2025-06-18,Customer_012,Sofa,Toys & Games,Europe,7,51.1,357.7
315,2025-03-25,Customer_017,Sofa,Books,South America,4,12.07,48.28
316,2024-12-31,Customer_040,Novel,Fashion,North America,5,439.42,2197.1
317,2025-08-04,Customer_002,Action Figure,Electronics,Asia,6,43.67,262.02
318,2025-05-26,Customer_019,Laptop,Books,North America,7,149.95,1049.6499999999999
319,2025-02-10,Customer_029,Headphones,Fashion,Europe,4,333.7,1334.8
320,2025-03-10,Customer_001,Lamp,Home & Garden,Europe,8,423.03,3384.24
321,2025-02-16,Customer_022,Sofa,Books,Asia,9,164.03,1476.27
322,2024-01-30,Customer_025,Smartphone,Toys & Games,Australia,5,327.77,1638.85
323,2024-06-23,Customer_010,Sofa,Toys & Games,North America,2,238.7,477.4
324,2024-03-05,Customer_009,Smartphone,Books,Europe,5,30.25,151.25
325,2023-07-19,Customer_019,Board Game,Books,Australia,8,207.14,1657.12
326,2024-02-28,Customer_012,Headphones,Electronics,Australia,4,19.77,79.08
327,2023-03-03,Customer_029,Shoes,Electronics,North America,3,482.27,1446.81
328,2023-12-08,Customer_018,Laptop,Electronics,Europe,8,382.28,3058.24
329,2025-05-15,Customer_016,Shoes,Books,Australia,5,172.95,864.75
330,2023-02-14,Customer_004,Laptop,Toys & Games,Europe,5,121.2,606.0
331,2025-03-13,Customer_043,Smartphone,Home & Garden,Australia,9,203.16,1828.44
332,2025-07-19,Customer_025,Headphones,Toys & Games,North America,1,161.5,161.5
333,2023-03-30,Customer_022,Headphones,Electronics,North America,8,188.54,1508.32
334,2023-02-03,Customer_029,Shoes,Fashion,Europe,8,459.76,3678.08
335,2024-10-07,Customer_022,T-shirt,Toys & Games,North America,9,205.24,1847.16
336,2023-08-21,Customer_015,Sofa,Electronics,South America,6,371.99,2231.94
337,2025-02-06,Customer_048,Action Figure,Books,North America,1,82.62,82.62
338,2023-02-06,Customer_002,Sofa,Home & Garden,Asia,1,269.17,269.17
339,2025-02-07,Customer_013,Smartphone,Fashion,North America,9,249.4,2244.6
340,2024-04-04,Customer_012,Lamp,Toys & Games,Europe,8,297.66,2381.28
341,2023-10-18,Customer_026,Smartphone,Electronics,Australia,9,341.54,3073.86
342,2023-07-17,Customer_040,Board Game,Toys & Games,South America,3,431.2,1293.6
343,2025-06-13,Customer_012,Lamp,Home & Garden,Europe,5,118.83,594.15
344,2025-08-07,Customer_027,Smartphone,Fashion,Europe,7,193.86,1357.02
345,2023-09-12,Customer_046,Sofa,Toys & Games,Australia,1,33.31,33.31
346,2023-03-22,Customer_035,Lamp,Home & Garden,Australia,8,313.97,2511.76
347,2024-03-22,Customer_002,Headphones,Fashion,Asia,9,467.71,4209.389999999999
348,2023-05-17,Customer_017,Headphones,Toys & Games,Europe,6,201.12,1206.72
349,2023-07-09,Customer_002,Board Game,Electronics,South America,5,486.02,2430.1
350,2023-05-10,Customer_017,Headphones,Home & Garden,Asia,4,300.95,1203.8
351,2023-07-29,Customer_034,Action Figure,Electronics,Asia,6,109.57,657.42
352,2024-01-04,Customer_034,Lamp,Home & Garden,South America,9,267.12,2404.08
353,2023-10-19,Customer_045,Shoes,Electronics,Australia,4,321.82,1287.28
354,2024-01-12,Customer_039,T-shirt,Electronics,Australia,8,334.81,2678.48
355,2023-12-14,Customer_041,Smartphone,Toys & Games,Europe,7,320.83,2245.81
356,2023-06-18,Customer_009,Lamp,Toys & Games,Asia,4,98.86,395.44
357,2025-06-03,Customer_014,Lamp,Electronics,South America,2,108.11,216.22
358,2025-03-15,Customer_043,Action Figure,Home & Garden,South America,6,124.52,747.12
359,2023-06-26,Customer_020,Action Figure,Toys & Games,South America,3,367.83,1103.49
360,2024-06-21,Customer_033,Action Figure,Toys & Games,Asia,7,252.18,1765.26
361,2023-11-20,Customer_024,Sofa,Electronics,North America,9,337.27,3035.43
362,2025-05-21,Customer_005,Headphones,Home & Garden,North America,2,400.68,801.36
363,2024-05-23,Customer_032,Headphones,Electronics,Europe,6,284.21,1705.2599999999998
364,2025-03-14,Customer_023,Sofa,Books,Asia,8,238.21,1905.68
365,2023-04-25,Customer_001,Board Game,Electronics,Asia,7,204.24,1429.68
366,2025-03-09,Customer_038,Sofa,Home & Garden,North America,5,270.45,1352.25
367,2023-01-30,Customer_032,T-shirt,Toys & Games,Australia,4,79.04,316.16
368,2025-01-23,Customer_016,Smartphone,Toys & Games,North America,9,394.29,3548.61
369,2023-10-17,Customer_020,Smartphone,Fashion,Asia,8,456.82,3654.56
370,2023-05-27,Customer_016,Action Figure,Electronics,South America,5,407.12,2035.6
371,2023-10-01,Customer_013,Action Figure,Toys & Games,Asia,8,411.84,3294.72
372,2023-08-10,Customer_046,Shoes,Books,Europe,8,415.55,3324.4
373,2023-12-07,Customer_011,Laptop,Toys & Games,North America,5,91.95,459.75
374,2024-05-24,Customer_042,Board Game,Books,Europe,7,497.93,3485.51
375,2024-05-29,Customer_017,Headphones,Toys & Games,North America,3,330.31,990.9300000000001
376,2023-03-11,Customer_007,Board Game,Toys & Games,North America,8,213.36,1706.88
377,2023-12-24,Customer_022,Shoes,Home & Garden,Europe,4,444.57,1778.28
378,2025-06-27,Customer_031,Lamp,Toys & Games,Europe,1,293.26,293.26
379,2024-07-10,Customer_004,T-shirt,Books,South America,8,496.84,3974.72
380,2025-06-04,Customer_017,Novel,Home & Garden,Europe,6,377.28,2263.68
381,2025-02-04,Customer_001,Sofa,Toys & Games,Australia,8,186.92,1495.36
382,2023-11-19,Customer_002,Sofa,Home & Garden,Asia,1,372.57,372.57
383,2024-09-15,Customer_033,Shoes,Toys & Games,South America,4,366.4,1465.6
384,2023-04-02,Customer_044,Action Figure,Fashion,North America,2,159.93,319.86
385,2023-12-08,Customer_019,Novel,Home & Garden,Australia,1,442.67,442.67
386,2024-02-28,Customer_019,Smartphone,Books,Europe,9,74.68,672.1200000000001
387,2024-07-05,Customer_023,Novel,Fashion,Europe,3,185.81,557.4300000000001
388,2025-08-29,Customer_016,Sofa,Toys & Games,Australia,5,319.96,1599.8
389,2024-10-24,Customer_016,T-shirt,Toys & Games,Asia,4,242.17,968.68
390,2024-02-19,Customer_029,Laptop,Fashion,Australia,6,340.69,2044.1399999999999
391,2024-10-19,Customer_008,Sofa,Electronics,North America,4,498.69,1994.76
392,2024-12-11,Customer_028,Novel,Fashion,Australia,5,43.61,218.05
393,2025-08-25,Customer_025,Action Figure,Books,South America,4,380.69,1522.76
394,2023-10-02,Customer_025,Smartphone,Toys & Games,Australia,4,409.63,1638.52
395,2025-05-10,Customer_013,Lamp,Home & Garden,Australia,8,144.69,1157.52
396,2023-02-13,Customer_014,Lamp,Electronics,North America,7,131.3,919.1000000000001
397,2023-03-25,Customer_019,Board Game,Home & Garden,North America,5,223.47,1117.35
398,2024-03-09,Customer_015,Laptop,Fashion,Asia,9,199.96,1799.64
399,2025-03-20,Customer_015,Headphones,Toys & Games,North America,9,256.37,2307.33
400,2023-04-04,Customer_021,Action Figure,Books,North America,2,109.73,219.46
401,2023-06-24,Customer_008,Lamp,Fashion,North America,2,249.43,498.86
402,2024-02-10,Customer_045,Lamp,Fashion,Australia,6,407.31,2443.86
403,2023-07-21,Customer_044,Shoes,Home & Garden,Australia,1,442.03,442.03
404,2025-05-07,Customer_028,T-shirt,Home & Garden,North America,5,335.05,1675.25
405,2024-05-13,Customer_045,T-shirt,Toys & Games,Europe,7,147.62,1033.3400000000001
406,2024-04-25,Customer_016,T-shirt,Home & Garden,North America,4,437.26,1749.04
407,2025-09-14,Customer_024,Smartphone,Electronics,North America,3,213.51,640.53
408,2023-11-26,Customer_012,T-shirt,Toys & Games,Asia,4,119.74,478.96
409,2024-06-24,Customer_014,Shoes,Books,North America,1,71.63,71.63
410,2023-07-29,Customer_030,Action Figure,Electronics,North America,6,481.03,2886.18
411,2024-09-09,Customer_032,Board Game,Fashion,Asia,1,48.55,48.55
412,2025-08-12,Customer_047,Headphones,Home & Garden,North America,3,267.23,801.69
413,2025-06-15,Customer_019,Smartphone,Books,North America,3,105.08,315.24
414,2025-09-09,Customer_005,Novel,Toys & Games,South America,9,434.8,3913.2000000000003
415,2024-07-29,Customer_029,Action Figure,Home & Garden,Asia,9,101.29,911.61
416,2023-01-17,Customer_002,Shoes,Electronics,Asia,1,369.56,369.56
417,2023-04-17,Customer_050,Shoes,Fashion,South America,9,86.73,780.57
418,2023-06-14,Customer_050,Board Game,Fashion,Asia,8,469.37,3754.96
419,2024-08-29,Customer_024,Laptop,Home & Garden,Europe,2,333.35,666.7
420,2024-06-20,Customer_017,Novel,Toys & Games,Australia,7,210.48,1473.36
421,2024-09-20,Customer_042,Novel,Toys & Games,Australia,7,481.43,3370.01
422,2023-07-11,Customer_027,Sofa,Home & Garden,Asia,3,264.41,793.23
423,2023-07-15,Customer_049,Shoes,Home & Garden,Australia,3,195.12,585.36
424,2023-11-04,Customer_003,Novel,Home & Garden,North America,2,85.43,170.86
425,2023-05-17,Customer_048,Action Figure,Books,North America,4,361.94,1447.76
426,2025-08-10,Customer_018,Sofa,Home & Garden,Europe,6,300.18,1801.08
427,2025-05-09,Customer_021,Sofa,Books,South America,6,115.33,691.98
428,2023-04-04,Customer_039,Smartphone,Electronics,Australia,3,128.73,386.18999999999994
429,2025-06-10,Customer_001,Novel,Home & Garden,Europe,2,114.09,228.18
430,2025-01-20,Customer_007,Lamp,Home & Garden,Australia,7,250.44,1753.08
431,2023-03-29,Customer_045,Smartphone,Toys & Games,North America,3,28.41,85.23
432,2023-06-10,Customer_023,Action Figure,Home & Garden,Europe,6,148.18,889.08
433,2023-05-28,Customer_016,Smartphone,Books,Europe,2,369.63,739.26
434,2024-08-07,Customer_011,Headphones,Books,South America,5,312.51,1562.55
435,2024-03-31,Customer_035,Laptop,Home & Garden,North America,4,410.21,1640.84
436,2023-03-29,Customer_041,Headphones,Books,Europe,4,373.69,1494.76
437,2023-01-14,Customer_039,T-shirt,Home & Garden,North America,2,15.53,31.06
438,2023-11-11,Customer_022,T-shirt,Electronics,North America,6,286.94,1721.6399999999999
439,2024-08-16,Customer_035,Action Figure,Books,Asia,5,222.02,1110.1000000000001
440,2023-05-01,Customer_033,T-shirt,Books,Asia,4,183.84,735.36
441,2025-06-03,Customer_043,Novel,Books,South America,4,496.23,1984.92
442,2025-08-09,Customer_045,Sofa,Books,North America,8,330.2,2641.6
443,2025-04-12,Customer_036,Headphones,Home & Garden,Asia,9,129.28,1163.52
444,2024-12-16,Customer_042,Shoes,Home & Garden,Australia,5,268.77,1343.85
445,2025-01-02,Customer_040,Laptop,Electronics,North America,4,52.14,208.56
446,2025-07-21,Customer_028,Novel,Home & Garden,Europe,3,373.91,1121.73
447,2023-10-09,Customer_049,Board Game,Books,North America,5,177.09,885.45
448,2025-03-11,Customer_011,Lamp,Electronics,Europe,6,88.6,531.5999999999999
449,2024-03-02,Customer_005,Board Game,Fashion,South America,4,85.4,341.6
450,2025-02-21,Customer_018,Action Figure,Toys & Games,Asia,5,12.54,62.699999999999996
451,2024-04-15,Customer_004,Smartphone,Electronics,Australia,5,390.05,1950.25
452,2023-10-12,Customer_038,Novel,Toys & Games,Asia,2,365.71,731.42
453,2023-10-04,Customer_031,Lamp,Books,Europe,4,245.09,980.36
454,2025-09-05,Customer_024,Action Figure,Fashion,South America,2,156.45,312.9
455,2023-11-21,Customer_030,T-shirt,Toys & Games,Europe,9,198.85,1789.6499999999999
456,2024-06-18,Customer_039,Shoes,Electronics,South America,3,442.62,1327.8600000000001
457,2023-08-16,Customer_031,Sofa,Home & Garden,South America,9,65.04,585.36
458,2025-06-09,Customer_012,Headphones,Toys & Games,Australia,2,19.63,39.26
459,2024-08-18,Customer_003,Laptop,Home & Garden,Australia,7,111.78,782.46
460,2024-10-09,Customer_030,Smartphone,Toys & Games,Asia,2,262.74,525.48
461,2025-08-26,Customer_008,T-shirt,Books,Australia,2,8.8,17.6
462,2024-07-27,Customer_010,Laptop,Home & Garden,Europe,2,56.61,113.22
463,2024-10-15,Customer_024,Sofa,Fashion,Europe,5,350.44,1752.2
464,2024-06-01,Customer_001,Action Figure,Electronics,South America,5,226.79,1133.95
465,2023-09-14,Customer_049,Shoes,Fashion,Asia,8,474.58,3796.64
466,2023-05-17,Customer_018,Board Game,Toys & Games,Asia,1,455.83,455.83
467,2023-07-27,Customer_041,Smartphone,Toys & Games,Asia,2,141.85,283.7
468,2024-04-08,Customer_022,Sofa,Fashion,South America,8,191.97,1535.76
469,2025-08-07,Customer_031,Board Game,Toys & Games,Australia,8,459.5,3676.0
470,2023-05-20,Customer_027,Laptop,Books,North America,7,291.73,2042.1100000000001
471,2023-01-05,Customer_016,Action Figure,Electronics,Europe,3,188.01,564.03
472,2024-02-28,Customer_049,Smartphone,Books,South America,3,401.2,1203.6
473,2023-12-15,Customer_018,Lamp,Home & Garden,Europe,3,462.63,1387.8899999999999
474,2025-07-30,Customer_011,Board Game,Electronics,Australia,8,338.38,2707.04
475,2023-10-10,Customer_018,Novel,Electronics,Australia,2,119.3,238.6
476,2024-08-09,Customer_004,Smartphone,Toys & Games,South America,7,410.53,2873.71
477,2025-03-31,Customer_040,T-shirt,Home & Garden,South America,8,213.16,1705.28
478,2024-03-09,Customer_010,Board Game,Fashion,North America,7,350.53,2453.71
479,2023-08-08,Customer_030,Action Figure,Home & Garden,Asia,3,245.75,737.25
480,2025-03-30,Customer_004,Lamp,Fashion,North America,2,470.73,941.46
481,2025-01-09,Customer_008,Novel,Home & Garden,South America,9,38.85,349.65000000000003
482,2025-05-23,Customer_017,Sofa,Home & Garden,North America,4,82.12,328.48
483,2025-02-25,Customer_035,Novel,Fashion,Europe,1,101.31,101.31
484,2024-01-09,Customer_005,Action Figure,Books,Australia,9,114.4,1029.6000000000001
485,2023-10-18,Customer_027,Sofa,Toys & Games,Australia,8,121.54,972.32
486,2024-07-17,Customer_037,Smartphone,Toys & Games,North America,3,80.66,241.98
487,2024-11-01,Customer_007,T-shirt,Toys & Games,Asia,4,347.99,1391.96
488,2024-03-13,Customer_033,Novel,Fashion,South America,2,112.99,225.98
489,2025-04-06,Customer_018,Action Figure,Toys & Games,Australia,4,121.55,486.2
490,2025-07-28,Customer_038,Novel,Electronics,North America,6,102.71,616.26
491,2025-04-03,Customer_028,Novel,Home & Garden,South America,5,202.35,1011.75
492,2024-05-23,Customer_015,Board Game,Fashion,Australia,4,479.5,1918.0
493,2025-02-25,Customer_023,Board Game,Fashion,North America,3,186.56,559.6800000000001
494,2025-07-30,Customer_032,Laptop,Electronics,South America,7,152.32,1066.24
495,2025-05-05,Customer_009,Lamp,Home & Garden,Asia,1,38.96,38.96
496,2024-03-25,Customer_030,Shoes,Toys & Games,North America,9,179.5,1615.5
497,2023-11-23,Customer_029,Novel,Fashion,North America,1,119.94,119.94
498,2024-05-05,Customer_032,Headphones,Fashion,North America,9,382.65,3443.85
499,2023-02-23,Customer_035,Lamp,Fashion,Australia,5,60.26,301.3
500,2025-03-27,Customer_018,Shoes,Fashion,Asia,4,76.12,304.48
501,2023-04-05,Customer_029,Sofa,Fashion,Asia,7,142.86,1000.0200000000001
502,2023-03-01,Customer_048,Action Figure,Fashion,North America,9,147.57,1328.1299999999999
503,2023-12-03,Customer_017,Board Game,Electronics,North America,5,423.92,2119.6
504,2024-10-28,Customer_009,Sofa,Fashion,Asia,3,396.69,1190.07
505,2024-09-28,Customer_045,Laptop,Books,South America,5,291.42,1457.1000000000001
506,2023-06-13,Customer_008,Lamp,Home & Garden,North America,6,147.85,887.0999999999999
507,2024-07-24,Customer_013,Board Game,Home & Garden,Asia,8,162.84,1302.72
508,2025-08-03,Customer_033,Smartphone,Toys & Games,Australia,3,298.15,894.4499999999999
509,2023-04-17,Customer_021,T-shirt,Fashion,Asia,4,371.23,1484.92
510,2023-07-21,Customer_044,Novel,Fashion,South America,2,195.13,390.26
511,2023-10-28,Customer_012,Sofa,Electronics,North America,7,257.23,1800.6100000000001
512,2025-02-20,Customer_030,Headphones,Books,Asia,2,444.58,889.16
513,2025-06-08,Customer_041,Lamp,Home & Garden,Europe,7,326.65,2286.5499999999997
514,2025-04-18,Customer_001,T-shirt,Home & Garden,North America,6,270.1,1620.6000000000001
515,2024-07-04,Customer_021,Novel,Toys & Games,North America,1,40.26,40.26
516,2024-11-10,Customer_046,Shoes,Fashion,Europe,8,92.13,737.04
517,2024-10-10,Customer_029,Lamp,Electronics,North America,8,104.49,835.92
518,2023-01-14,Customer_014,Novel,Toys & Games,Australia,6,313.46,1880.7599999999998
519,2025-06-22,Customer_038,Laptop,Toys & Games,Australia,2,58.52,117.04
520,2024-12-21,Customer_048,Lamp,Toys & Games,South America,1,19.35,19.35
521,2024-06-18,Customer_040,T-shirt,Electronics,South America,4,183.37,733.48
522,2024-05-19,Customer_005,Headphones,Electronics,Asia,9,360.84,3247.56
523,2025-04-27,Customer_047,Shoes,Fashion,Asia,4,348.16,1392.64
524,2025-09-12,Customer_013,Headphones,Electronics,Australia,3,397.37,1192.1100000000001
525,2025-02-15,Customer_038,Laptop,Toys & Games,North America,2,349.64,699.28
526,2025-01-09,Customer_049,Board Game,Fashion,Europe,2,308.58,617.16
527,2025-02-13,Customer_005,Sofa,Toys & Games,Australia,9,245.65,2210.85
528,2023-07-29,Customer_042,Action Figure,Toys & Games,South America,7,108.21,757.4699999999999
529,2024-03-31,Customer_037,Smartphone,Home & Garden,South America,2,286.43,572.86
530,2024-04-13,Customer_017,Laptop,Electronics,South America,1,320.13,320.13
531,2024-04-18,Customer_019,Board Game,Home & Garden,Europe,1,66.25,66.25
532,2025-08-20,Customer_038,Sofa,Home & Garden,South America,4,284.75,1139.0
533,2024-07-26,Customer_031,Board Game,Toys & Games,South America,9,53.39,480.51
534,2024-02-05,Customer_047,Headphones,Electronics,Asia,7,275.8,1930.6000000000001
535,2023-02-26,Customer_036,Smartphone,Toys & Games,North America,3,83.66,250.98
536,2025-06-01,Customer_049,Shoes,Books,North America,9,63.91,575.1899999999999
537,2025-01-19,Customer_001,Laptop,Toys & Games,Europe,2,60.98,121.96
538,2024-10-25,Customer_050,Lamp,Toys & Games,South America,9,455.96,4103.639999999999
539,2023-10-08,Customer_010,Laptop,Electronics,Asia,3,301.05,903.1500000000001
540,2023-01-05,Customer_034,Novel,Toys & Games,North America,8,128.83,1030.64
541,2024-09-04,Customer_049,Board Game,Toys & Games,Europe,9,40.37,363.33
542,2023-11-02,Customer_050,Shoes,Home & Garden,Asia,1,270.41,270.41
543,2023-12-10,Customer_013,Action Figure,Toys & Games,South America,2,76.68,153.36
544,2024-06-26,Customer_007,T-shirt,Electronics,Europe,2,390.31,780.62
545,2024-07-20,Customer_037,T-shirt,Home & Garden,Asia,2,250.57,501.14
546,2023-06-03,Customer_036,Sofa,Fashion,North America,3,364.59,1093.77
547,2025-02-27,Customer_039,Smartphone,Fashion,Australia,9,200.88,1807.92
548,2023-12-20,Customer_037,Lamp,Toys & Games,North America,8,352.65,2821.2
549,2023-12-24,Customer_031,Action Figure,Home & Garden,Australia,7,343.88,2407.16
550,2024-11-28,Customer_020,Lamp,Books,Europe,2,282.9,565.8
551,2024-02-12,Customer_039,Smartphone,Fashion,Asia,9,423.64,3812.7599999999998
552,2024-02-16,Customer_045,T-shirt,Home & Garden,Asia,2,293.32,586.64
553,2023-01-30,Customer_036,T-shirt,Fashion,Asia,8,291.16,2329.28
554,2025-07-18,Customer_015,Board Game,Home & Garden,South America,5,157.45,787.25
555,2024-01-07,Customer_030,Action Figure,Toys & Games,North America,9,466.1,4194.900000000001
556,2025-04-01,Customer_018,Lamp,Home & Garden,Australia,9,260.98,2348.82
557,2024-09-23,Customer_004,Headphones,Home & Garden,South America,5,198.9,994.5
558,2025-08-05,Customer_030,Shoes,Electronics,Europe,1,273.11,273.11
559,2025-05-04,Customer_028,Action Figure,Toys & Games,Europe,8,76.89,615.12
560,2024-05-17,Customer_004,Laptop,Books,South America,3,136.24,408.72
561,2023-01-08,Customer_034,Sofa,Fashion,Australia,1,156.81,156.81
562,2024-09-09,Customer_028,Action Figure,Home & Garden,Europe,7,260.0,1820.0
563,2023-05-18,Customer_037,Novel,Home & Garden,North America,9,349.28,3143.5199999999995
564,2024-11-25,Customer_022,Sofa,Toys & Games,Europe,6,147.17,883.02
565,2025-06-15,Customer_040,Lamp,Electronics,Australia,8,72.2,577.6
566,2025-05-01,Customer_043,Sofa,Fashion,North America,4,281.81,1127.24
567,2024-01-12,Customer_011,Novel,Books,South America,6,428.05,2568.3
568,2025-07-21,Customer_030,T-shirt,Home & Garden,Australia,1,212.02,212.02
569,2024-12-22,Customer_050,Headphones,Electronics,North America,4,240.51,962.04
570,2023-05-29,Customer_030,Lamp,Fashion,North America,1,148.16,148.16
571,2025-06-04,Customer_025,Lamp,Fashion,North America,9,405.37,3648.33
572,2023-09-17,Customer_017,Action Figure,Books,Australia,5,64.73,323.65000000000003
573,2023-05-07,Customer_001,Smartphone,Toys & Games,Asia,9,89.69,807.21
574,2025-03-21,Customer_037,Laptop,Fashion,Europe,4,499.98,1999.92
575,2024-07-31,Customer_035,Sofa,Fashion,Asia,1,342.7,342.7
576,2024-06-16,Customer_014,Laptop,Books,Europe,7,276.29,1934.0300000000002
577,2025-03-15,Customer_002,Smartphone,Home & Garden,Australia,4,398.58,1594.32
578,2023-11-21,Customer_003,T-shirt,Toys & Games,Europe,4,498.46,1993.84
579,2025-09-03,Customer_003,Smartphone,Books,Australia,1,99.48,99.48
580,2023-04-23,Customer_020,Board Game,Home & Garden,North America,7,396.74,2777.1800000000003
581,2025-08-01,Customer_013,Laptop,Books,South America,6,174.37,1046.22
582,2024-10-12,Customer_031,Shoes,Books,Asia,3,366.96,1100.8799999999999
583,2023-08-26,Customer_040,Board Game,Books,Asia,6,355.29,2131.7400000000002
584,2023-12-27,Customer_022,Shoes,Electronics,Australia,2,499.17,998.34
585,2025-09-17,Customer_014,Laptop,Books,Europe,2,60.38,120.76
586,2025-05-09,Customer_050,Action Figure,Home & Garden,Europe,9,6.05,54.449999999999996
587,2024-07-09,Customer_027,Headphones,Home & Garden,South America,5,375.15,1875.75
588,2023-03-05,Customer_013,Sofa,Fashion,North America,1,286.54,286.54
589,2025-07-16,Customer_050,T-shirt,Electronics,Europe,9,346.98,3122.82
590,2025-07-05,Customer_001,Headphones,Home & Garden,Europe,5,377.99,1889.95
591,2024-03-30,Customer_002,T-shirt,Electronics,North America,8,249.29,1994.32
592,2023-09-23,Customer_037,Headphones,Fashion,South America,6,181.48,1088.8799999999999
593,2024-03-20,Customer_011,Laptop,Electronics,Europe,8,386.34,3090.72
594,2024-08-26,Customer_043,Smartphone,Home & Garden,Australia,5,193.16,965.8
595,2024-09-15,Customer_033,Sofa,Toys & Games,North America,4,312.99,1251.96
596,2024-02-24,Customer_029,Sofa,Electronics,Europe,2,447.24,894.48
597,2023-12-06,Customer_003,Action Figure,Electronics,South America,2,83.4,166.8
598,2025-04-24,Customer_029,Laptop,Toys & Games,Asia,9,9.41,84.69
599,2023-10-02,Customer_002,Laptop,Books,Australia,1,132.09,132.09
600,2024-01-05,Customer_014,Sofa,Toys & Games,Australia,7,399.75,2798.25
601,2025-04-22,Customer_020,Novel,Books,Australia,6,285.58,1713.48
602,2023-08-15,Customer_048,Shoes,Toys & Games,Australia,7,473.35,3313.4500000000003
603,2023-08-14,Customer_018,Lamp,Electronics,Asia,1,276.2,276.2
604,2025-07-28,Customer_037,Laptop,Books,Asia,5,136.56,682.8
605,2024-10-05,Customer_008,Headphones,Books,Asia,7,384.11,2688.77
606,2025-06-27,Customer_007,Laptop,Toys & Games,Asia,5,330.49,1652.45
607,2023-08-17,Customer_010,Sofa,Electronics,South America,2,411.24,822.48
608,2025-04-06,Customer_016,Smartphone,Electronics,Europe,1,335.66,335.66
609,2025-06-16,Customer_019,Novel,Electronics,Asia,5,228.71,1143.55
610,2024-01-05,Customer_030,Shoes,Books,Asia,4,142.16,568.64
611,2023-05-09,Customer_043,Headphones,Books,South America,9,32.52,292.68
612,2025-03-18,Customer_019,Shoes,Books,North America,4,157.43,629.72
613,2023-01-25,Customer_003,Headphones,Electronics,South America,8,27.9,223.2
614,2024-11-29,Customer_030,Shoes,Fashion,North America,8,217.86,1742.88
615,2023-10-20,Customer_018,Novel,Fashion,Australia,4,116.77,467.08
616,2023-12-22,Customer_036,Novel,Books,South America,3,353.31,1059.93
617,2025-04-17,Customer_020,Smartphone,Books,Australia,5,113.99,569.9499999999999
618,2023-05-15,Customer_017,T-shirt,Electronics,North America,8,45.31,362.48
619,2023-01-04,Customer_024,Lamp,Electronics,South America,8,420.2,3361.6
620,2023-08-15,Customer_013,Novel,Fashion,North America,7,34.72,243.04
621,2025-06-08,Customer_036,Laptop,Fashion,North America,8,376.72,3013.76
622,2024-11-11,Customer_046,Laptop,Toys & Games,Australia,2,465.07,930.14
623,2024-03-20,Customer_003,Lamp,Electronics,North America,1,58.03,58.03
624,2024-02-22,Customer_021,T-shirt,Home & Garden,Europe,2,282.04,564.08
625,2023-10-12,Customer_004,T-shirt,Toys & Games,Asia,9,228.6,2057.4
626,2025-04-16,Customer_018,Sofa,Electronics,South America,9,400.36,3603.2400000000002
627,2023-01-27,Customer_045,Smartphone,Home & Garden,Australia,2,313.62,627.24
628,2025-01-06,Customer_039,Headphones,Home & Garden,Asia,8,142.75,1142.0
629,2023-09-06,Customer_043,Lamp,Books,Australia,5,5.73,28.650000000000002
630,2024-01-01,Customer_011,Action Figure,Books,Europe,2,244.02,488.04
631,2025-08-05,Customer_038,Headphones,Home & Garden,Asia,9,447.58,4028.22
632,2023-07-21,Customer_043,Board Game,Home & Garden,South America,1,453.15,453.15
633,2024-03-13,Customer_041,Board Game,Toys & Games,North America,3,67.02,201.06
634,2023-07-17,Customer_048,Sofa,Home & Garden,North America,7,431.04,3017.28
635,2025-07-18,Customer_028,Sofa,Books,Asia,5,22.04,110.19999999999999
636,2024-10-09,Customer_005,Action Figure,Books,Australia,6,50.71,304.26
637,2024-09-29,Customer_023,Sofa,Books,South America,7,483.28,3382.96
638,2024-08-29,Customer_038,Board Game,Fashion,North America,1,196.55,196.55
639,2023-03-14,Customer_036,Smartphone,Toys & Games,Asia,7,40.04,280.28
640,2023-09-04,Customer_031,Board Game,Toys & Games,Asia,5,237.88,1189.4
641,2025-05-02,Customer_008,T-shirt,Toys & Games,Europe,8,27.84,222.72
642,2023-05-16,Customer_025,Lamp,Fashion,South America,2,13.1,26.2
643,2024-12-08,Customer_025,Board Game,Toys & Games,South America,9,283.07,2547.63
644,2023-08-02,Customer_048,Action Figure,Fashion,Australia,6,109.55,657.3
645,2024-04-20,Customer_016,Laptop,Fashion,Australia,9,312.85,2815.65
646,2024-09-12,Customer_011,Sofa,Home & Garden,Asia,6,170.68,1024.08
647,2023-11-20,Customer_020,Lamp,Fashion,Europe,6,70.58,423.48
648,2023-04-13,Customer_014,Laptop,Electronics,Asia,1,492.28,492.28
649,2025-05-02,Customer_040,Lamp,Electronics,Australia,8,128.72,1029.76
650,2023-11-24,Customer_038,Laptop,Toys & Games,North America,9,35.68,321.12
651,2024-08-18,Customer_040,Lamp,Electronics,Europe,6,143.02,858.1200000000001
652,2023-08-12,Customer_019,Novel,Home & Garden,South America,1,129.59,129.59
653,2023-09-14,Customer_008,Smartphone,Electronics,North America,8,153.32,1226.56
654,2024-10-07,Customer_025,Smartphone,Fashion,North America,9,181.06,1629.54
655,2023-12-14,Customer_033,Sofa,Electronics,South America,7,403.56,2824.92
656,2023-04-18,Customer_045,Laptop,Books,Asia,1,34.59,34.59
657,2025-07-15,Customer_040,Lamp,Home & Garden,Europe,1,180.49,180.49
658,2025-08-27,Customer_041,T-shirt,Toys & Games,North America,5,56.35,281.75
659,2025-09-06,Customer_048,T-shirt,Books,Asia,6,491.19,2947.14
660,2024-06-03,Customer_037,T-shirt,Home & Garden,South America,5,76.27,381.34999999999997
661,2023-05-30,Customer_043,Novel,Home & Garden,Asia,2,242.12,484.24
662,2025-09-24,Customer_017,Headphones,Home & Garden,North America,4,242.62,970.48
663,2024-04-21,Customer_027,Smartphone,Electronics,Europe,5,391.68,1958.4
664,2024-01-28,Customer_041,T-shirt,Electronics,Europe,7,139.71,977.97
665,2024-11-14,Customer_017,Board Game,Books,South America,1,370.2,370.2
666,2024-07-12,Customer_047,Action Figure,Books,Asia,5,18.04,90.19999999999999
667,2023-01-01,Customer_033,T-shirt,Fashion,Australia,2,463.94,927.88
668,2023-12-27,Customer_031,T-shirt,Fashion,Europe,2,53.98,107.96
669,2024-11-22,Customer_021,Novel,Fashion,Australia,2,243.01,486.02
670,2024-07-04,Customer_024,Laptop,Home & Garden,Asia,7,90.85,635.9499999999999
671,2023-03-31,Customer_016,Novel,Toys & Games,Asia,7,187.47,1312.29
672,2023-03-16,Customer_045,Action Figure,Fashion,Australia,2,322.8,645.6
673,2024-05-14,Customer_020,Board Game,Books,South America,4,75.52,302.08
674,2025-01-08,Customer_035,Board Game,Toys & Games,Australia,4,148.11,592.44
675,2024-09-27,Customer_028,Sofa,Fashion,North America,7,341.2,2388.4
676,2023-12-10,Customer_046,Headphones,Electronics,Australia,5,423.05,2115.25
677,2023-04-07,Customer_035,Lamp,Fashion,Australia,5,298.48,1492.4
678,2025-05-01,Customer_018,Board Game,Fashion,South America,2,263.88,527.76
679,2023-10-10,Customer_024,Sofa,Home & Garden,North America,5,59.26,296.3
680,2024-12-19,Customer_028,Lamp,Home & Garden,Asia,4,77.54,310.16
681,2023-02-02,Customer_014,Sofa,Fashion,North America,6,479.3,2875.8
682,2023-04-26,Customer_049,Shoes,Home & Garden,Australia,5,6.3,31.5
683,2024-03-30,Customer_024,Shoes,Electronics,Asia,1,244.79,244.79
684,2025-05-15,Customer_031,Laptop,Toys & Games,South America,2,379.39,758.78
685,2024-03-04,Customer_006,Shoes,Toys & Games,Asia,2,108.93,217.86
686,2025-04-07,Customer_040,T-shirt,Home & Garden,South America,2,232.48,464.96
687,2025-04-05,Customer_034,Smartphone,Fashion,Australia,8,249.07,1992.56
688,2024-11-21,Customer_050,Laptop,Electronics,North America,9,133.9,1205.1000000000001
689,2023-06-23,Customer_035,Board Game,Electronics,North America,3,439.98,1319.94
690,2025-01-15,Customer_029,Board Game,Books,North America,6,462.95,2777.7
691,2023-05-13,Customer_002,Shoes,Home & Garden,North America,3,375.92,1127.76
692,2024-03-17,Customer_005,Board Game,Books,North America,4,9.28,37.12
693,2023-04-04,Customer_022,Shoes,Home & Garden,Europe,1,316.32,316.32
694,2023-12-14,Customer_009,T-shirt,Books,Australia,8,119.9,959.2
695,2024-02-06,Customer_034,Lamp,Fashion,North America,4,137.26,549.04
696,2024-02-24,Customer_036,Sofa,Home & Garden,North America,5,95.98,479.90000000000003
697,2024-12-07,Customer_049,Novel,Toys & Games,South America,2,288.34,576.68
698,2024-02-09,Customer_036,Smartphone,Home & Garden,Australia,7,226.13,1582.9099999999999
699,2025-07-30,Customer_026,Sofa,Toys & Games,South America,5,100.81,504.05
700,2023-07-05,Customer_006,Novel,Books,North America,7,466.66,3266.6200000000003
701,2025-09-02,Customer_002,Lamp,Books,Australia,2,123.42,246.84
702,2024-01-11,Customer_036,Lamp,Fashion,Australia,9,390.48,3514.32
703,2024-11-07,Customer_008,Lamp,Toys & Games,Australia,2,17.22,34.44
704,2025-05-23,Customer_002,Smartphone,Fashion,Asia,1,95.82,95.82
705,2024-12-03,Customer_002,Action Figure,Electronics,Europe,3,410.34,1231.02
706,2024-05-31,Customer_008,T-shirt,Toys & Games,Europe,2,270.53,541.06
707,2024-05-12,Customer_026,Headphones,Home & Garden,North America,9,324.82,2923.38
708,2024-05-13,Customer_037,Laptop,Toys & Games,Europe,6,217.3,1303.8000000000002
709,2023-07-25,Customer_014,Headphones,Books,Australia,6,220.64,1323.84
710,2024-02-19,Customer_045,Action Figure,Fashion,Asia,9,67.07,603.6299999999999
711,2024-01-01,Customer_028,Shoes,Electronics,Europe,9,89.64,806.76
712,2025-05-05,Customer_033,Novel,Fashion,Europe,2,459.9,919.8
713,2025-01-08,Customer_044,Headphones,Electronics,Asia,6,231.53,1389.18
714,2024-02-24,Customer_020,Smartphone,Books,South America,1,238.87,238.87
715,2024-08-08,Customer_035,T-shirt,Fashion,North America,6,334.83,2008.98
716,2023-08-07,Customer_046,T-shirt,Home & Garden,Australia,1,11.99,11.99
717,2025-08-09,Customer_037,T-shirt,Home & Garden,Asia,4,268.68,1074.72
718,2024-06-22,Customer_017,Headphones,Fashion,South America,7,443.24,3102.6800000000003
719,2024-01-10,Customer_049,T-shirt,Fashion,North America,6,211.57,1269.42
720,2023-01-23,Customer_043,Action Figure,Electronics,South America,1,209.24,209.24
721,2024-04-05,Customer_044,Novel,Fashion,North America,6,229.39,1376.34
722,2024-12-20,Customer_004,Board Game,Electronics,Europe,5,428.28,2141.3999999999996
723,2023-12-21,Customer_009,Action Figure,Fashion,Asia,3,306.95,920.8499999999999
724,2024-08-25,Customer_020,Board Game,Fashion,North America,9,374.94,3374.46
725,2023-02-21,Customer_047,Sofa,Toys & Games,Asia,6,360.48,2162.88
726,2025-09-25,Customer_001,Board Game,Electronics,Asia,4,30.18,120.72
727,2025-03-25,Customer_021,Smartphone,Books,South America,8,488.47,3907.76
728,2024-12-21,Customer_033,Action Figure,Home & Garden,Australia,1,354.57,354.57
729,2024-07-27,Customer_035,Action Figure,Electronics,South America,1,292.16,292.16
730,2024-03-20,Customer_044,Lamp,Fashion,South America,3,27.36,82.08
731,2025-03-26,Customer_006,Laptop,Home & Garden,Australia,6,459.45,2756.7
732,2023-04-15,Customer_022,Laptop,Fashion,Australia,4,237.43,949.72
733,2024-10-02,Customer_025,Headphones,Books,South America,4,456.04,1824.16
734,2024-01-30,Customer_003,Shoes,Electronics,Asia,3,212.11,636.33
735,2025-08-29,Customer_008,Headphones,Electronics,Europe,2,290.77,581.54
736,2025-06-28,Customer_045,Smartphone,Fashion,Australia,3,447.39,1342.17
737,2023-11-24,Customer_012,Board Game,Fashion,Europe,3,233.11,699.33
738,2024-08-29,Customer_029,Sofa,Electronics,Asia,4,93.87,375.48
739,2024-06-02,Customer_032,Lamp,Fashion,Australia,3,215.41,646.23
740,2024-11-16,Customer_002,Smartphone,Electronics,North America,5,193.91,969.55
741,2023-09-03,Customer_017,Action Figure,Toys & Games,North America,6,366.78,2200.68
742,2024-02-19,Customer_019,Novel,Books,South America,4,421.16,1684.64
743,2024-06-11,Customer_015,Novel,Electronics,Europe,2,10.61,21.22
744,2023-06-19,Customer_022,Shoes,Books,North America,3,249.93,749.79
745,2023-06-16,Customer_048,T-shirt,Books,South America,4,137.3,549.2
746,2023-11-06,Customer_048,Board Game,Toys & Games,South America,9,86.39,777.51
747,2025-07-28,Customer_006,Lamp,Electronics,South America,4,334.52,1338.08
748,2024-08-17,Customer_034,Board Game,Fashion,Asia,2,418.6,837.2
749,2024-01-27,Customer_043,Lamp,Fashion,Europe,8,274.48,2195.84
750,2023-08-09,Customer_003,T-shirt,Electronics,Australia,2,100.93,201.86
751,2025-04-13,Customer_028,Smartphone,Electronics,South America,1,376.89,376.89
752,2024-11-12,Customer_041,Headphones,Books,Australia,2,263.06,526.12
753,2025-04-14,Customer_020,Laptop,Books,North America,9,403.3,3629.7000000000003
754,2023-04-25,Customer_016,Laptop,Home & Garden,Asia,3,482.54,1447.6200000000001
755,2025-05-10,Customer_008,Novel,Books,Australia,1,212.58,212.58
756,2023-12-01,Customer_045,Lamp,Electronics,South America,7,162.91,1140.37
757,2025-01-11,Customer_030,Headphones,Home & Garden,Asia,5,144.63,723.15
758,2023-08-08,Customer_036,Board Game,Books,South America,2,347.04,694.08
759,2023-09-04,Customer_034,Action Figure,Fashion,Asia,8,486.08,3888.64
760,2023-04-11,Customer_049,Action Figure,Books,Australia,4,146.48,585.92
761,2024-02-20,Customer_050,Headphones,Books,Australia,2,233.83,467.66
762,2023-08-10,Customer_017,Smartphone,Books,North America,4,290.28,1161.12
763,2023-06-28,Customer_025,Headphones,Books,Europe,4,477.19,1908.76
764,2024-05-23,Customer_006,Novel,Toys & Games,South America,3,127.34,382.02
765,2023-06-24,Customer_043,Lamp,Electronics,South America,8,481.01,3848.08
766,2024-08-28,Customer_020,Lamp,Home & Garden,North America,4,264.39,1057.56
767,2024-09-18,Customer_018,Headphones,Electronics,Asia,2,365.55,731.1
768,2024-11-04,Customer_046,Smartphone,Books,Asia,4,391.76,1567.04
769,2025-02-19,Customer_033,Sofa,Fashion,Australia,9,86.48,778.32
770,2025-01-06,Customer_023,Lamp,Home & Garden,Australia,4,487.5,1950.0
771,2025-01-15,Customer_034,Board Game,Electronics,South America,7,488.18,3417.26
772,2025-04-28,Customer_039,Board Game,Fashion,Europe,5,433.75,2168.75
773,2023-03-08,Customer_010,Shoes,Books,South America,8,422.46,3379.68
774,2024-04-01,Customer_006,Board Game,Fashion,Asia,6,166.5,999.0
775,2023-05-06,Customer_013,T-shirt,Electronics,Europe,8,426.77,3414.16
776,2023-05-19,Customer_043,Headphones,Home & Garden,Europe,3,444.72,1334.16
777,2024-09-16,Customer_017,Smartphone,Electronics,North America,3,136.93,410.79
778,2024-12-31,Customer_018,Lamp,Fashion,Australia,2,89.47,178.94
779,2023-06-05,Customer_005,Laptop,Fashion,Europe,4,379.7,1518.8
780,2024-11-27,Customer_026,Headphones,Electronics,South America,3,290.98,872.94
781,2023-05-01,Customer_015,Lamp,Electronics,Asia,6,58.39,350.34000000000003
782,2023-11-18,Customer_046,Shoes,Electronics,Australia,8,202.76,1622.08
783,2024-03-24,Customer_018,Novel,Fashion,South America,1,169.34,169.34
784,2024-12-10,Customer_030,Sofa,Toys & Games,Asia,7,332.04,2324.28
785,2025-05-06,Customer_007,Headphones,Electronics,South America,7,213.1,1491.7
786,2023-10-18,Customer_029,Lamp,Books,South America,2,326.09,652.18
787,2025-09-02,Customer_011,Lamp,Fashion,Australia,1,400.7,400.7
788,2023-01-04,Customer_006,Smartphone,Toys & Games,Asia,7,355.0,2485.0
789,2024-12-01,Customer_037,Board Game,Home & Garden,South America,6,310.68,1864.08
790,2023-08-27,Customer_037,Laptop,Toys & Games,Europe,8,453.7,3629.6
791,2024-11-08,Customer_021,Smartphone,Home & Garden,Australia,7,127.65,893.5500000000001
792,2023-06-21,Customer_023,Shoes,Toys & Games,North America,7,256.24,1793.68
793,2024-12-24,Customer_011,Shoes,Fashion,Europe,8,379.28,3034.24
794,2025-05-06,Customer_044,Smartphone,Books,Asia,2,115.9,231.8
795,2024-08-05,Customer_031,Shoes,Fashion,Europe,8,109.79,878.32
796,2024-10-22,Customer_015,T-shirt,Toys & Games,South America,8,343.72,2749.76
797,2025-06-21,Customer_049,Shoes,Toys & Games,North America,4,391.42,1565.68
798,2025-03-07,Customer_002,Board Game,Home & Garden,Australia,9,443.75,3993.75
799,2024-09-19,Customer_041,Board Game,Electronics,North America,8,226.92,1815.36
800,2025-06-21,Customer_008,Sofa,Fashion,Europe,8,359.57,2876.56
801,2025-04-14,Customer_006,Lamp,Home & Garden,North America,2,89.62,179.24
802,2024-08-27,Customer_016,Action Figure,Toys & Games,Asia,7,160.81,1125.67
803,2025-09-15,Customer_042,Board Game,Toys & Games,South America,9,317.9,2861.1
804,2024-09-06,Customer_033,Sofa,Electronics,South America,1,78.2,78.2
805,2025-05-19,Customer_024,Sofa,Fashion,Asia,5,478.06,2390.3
806,2024-01-15,Customer_015,Action Figure,Toys & Games,South America,4,68.29,273.16
807,2024-12-10,Customer_035,T-shirt,Books,Australia,9,389.5,3505.5
808,2023-04-20,Customer_030,Sofa,Electronics,South America,7,162.71,1138.97
809,2023-11-26,Customer_026,Laptop,Electronics,South America,7,367.79,2574.53
810,2023-04-11,Customer_005,Shoes,Home & Garden,Europe,5,205.36,1026.8000000000002
811,2024-11-25,Customer_001,Smartphone,Home & Garden,North America,5,375.08,1875.3999999999999
812,2025-04-25,Customer_027,Lamp,Home & Garden,South America,8,450.67,3605.36
813,2025-07-06,Customer_021,Action Figure,Toys & Games,Europe,1,300.09,300.09
814,2024-05-22,Customer_006,Lamp,Electronics,Asia,3,86.14,258.42
815,2024-11-02,Customer_025,Shoes,Fashion,Australia,8,475.78,3806.24
816,2024-08-16,Customer_018,T-shirt,Books,Asia,5,268.58,1342.8999999999999
817,2023-02-05,Customer_005,Sofa,Toys & Games,Australia,4,123.52,494.08
818,2023-08-26,Customer_033,Action Figure,Toys & Games,Europe,1,207.17,207.17
819,2023-09-01,Customer_050,Headphones,Fashion,Asia,4,361.94,1447.76
820,2023-09-08,Customer_018,Board Game,Toys & Games,Europe,1,467.97,467.97
821,2024-01-28,Customer_009,Shoes,Fashion,Australia,6,453.76,2722.56
822,2025-02-05,Customer_010,Headphones,Fashion,South America,2,74.44,148.88
823,2023-10-09,Customer_037,Board Game,Electronics,Europe,3,436.54,1309.6200000000001
824,2023-01-22,Customer_032,Smartphone,Toys & Games,North America,2,297.13,594.26
825,2024-03-05,Customer_031,Smartphone,Toys & Games,South America,4,207.79,831.16
826,2023-08-18,Customer_010,Action Figure,Books,South America,5,234.86,1174.3000000000002
827,2025-09-09,Customer_045,Lamp,Fashion,North America,3,398.33,1194.99
828,2024-02-05,Customer_049,Shoes,Books,Asia,4,423.16,1692.64
829,2023-06-03,Customer_036,Headphones,Books,North America,2,330.66,661.32
830,2023-04-30,Customer_033,Headphones,Books,South America,2,33.94,67.88
831,2024-11-08,Customer_015,T-shirt,Home & Garden,Asia,7,405.19,2836.33
832,2025-06-14,Customer_024,Novel,Electronics,Asia,5,17.74,88.69999999999999
833,2024-01-21,Customer_033,Headphones,Fashion,Australia,9,196.95,1772.55
834,2024-01-25,Customer_029,T-shirt,Toys & Games,North America,4,224.86,899.44
835,2024-12-11,Customer_044,T-shirt,Home & Garden,South America,2,255.52,511.04
836,2024-02-01,Customer_034,Board Game,Home & Garden,Europe,1,131.7,131.7
837,2023-12-13,Customer_047,Smartphone,Home & Garden,Australia,2,212.44,424.88
838,2024-08-09,Customer_045,Sofa,Toys & Games,Europe,8,394.71,3157.68
839,2025-08-08,Customer_009,Shoes,Home & Garden,Asia,1,139.28,139.28
840,2023-03-20,Customer_038,Novel,Home & Garden,South America,9,407.56,3668.04
841,2025-04-10,Customer_003,T-shirt,Toys & Games,South America,5,11.23,56.150000000000006
842,2024-08-07,Customer_018,Headphones,Electronics,North America,8,75.69,605.52
843,2023-07-19,Customer_016,Laptop,Home & Garden,South America,2,463.02,926.04
844,2025-03-24,Customer_004,Board Game,Fashion,South America,9,237.85,2140.65
845,2023-05-14,Customer_022,Headphones,Electronics,North America,9,30.14,271.26
846,2024-07-13,Customer_049,Headphones,Toys & Games,North America,2,307.17,614.34
847,2024-11-30,Customer_030,Board Game,Electronics,South America,5,230.72,1153.6
848,2023-06-20,Customer_038,Lamp,Electronics,South America,2,48.85,97.7
849,2024-03-27,Customer_023,Action Figure,Books,Australia,2,177.24,354.48
850,2023-05-19,Customer_019,Board Game,Toys & Games,Europe,6,309.14,1854.84
851,2025-01-24,Customer_008,Smartphone,Electronics,Australia,1,315.72,315.72
852,2023-11-10,Customer_050,Smartphone,Toys & Games,Australia,5,444.02,2220.1
853,2024-04-20,Customer_027,Smartphone,Home & Garden,Asia,9,248.79,2239.11
854,2023-12-12,Customer_005,Laptop,Toys & Games,South America,8,56.85,454.8
855,2024-01-23,Customer_046,Smartphone,Electronics,Australia,5,61.21,306.05
856,2023-05-06,Customer_026,Novel,Toys & Games,South America,6,211.32,1267.92
857,2024-12-19,Customer_027,Laptop,Books,Australia,1,96.73,96.73
858,2025-04-30,Customer_048,Lamp,Books,Asia,3,460.87,1382.6100000000001
859,2023-07-17,Customer_020,Sofa,Books,South America,3,109.98,329.94
860,2024-11-29,Customer_015,Board Game,Toys & Games,Europe,2,191.3,382.6
861,2025-06-19,Customer_019,Action Figure,Electronics,Asia,2,258.63,517.26
862,2023-01-18,Customer_033,Sofa,Home & Garden,North America,9,168.55,1516.95
863,2024-12-10,Customer_028,Lamp,Fashion,Europe,4,333.98,1335.92
864,2024-03-23,Customer_037,Action Figure,Home & Garden,Australia,4,304.6,1218.4
865,2023-12-17,Customer_039,Smartphone,Books,South America,7,469.99,3289.9300000000003
866,2024-10-26,Customer_021,T-shirt,Electronics,South America,9,416.82,3751.38
867,2024-10-05,Customer_045,Sofa,Toys & Games,Europe,5,303.47,1517.3500000000001
868,2023-11-22,Customer_004,Board Game,Toys & Games,North America,5,226.12,1130.6
869,2024-02-29,Customer_019,Laptop,Electronics,South America,6,309.31,1855.8600000000001
870,2023-06-14,Customer_014,Sofa,Electronics,North America,9,313.42,2820.78
871,2024-07-24,Customer_050,Lamp,Books,North America,5,138.44,692.2
872,2023-06-27,Customer_032,Board Game,Books,Asia,8,93.12,744.96
873,2024-03-15,Customer_034,Smartphone,Electronics,Europe,9,261.91,2357.19
874,2024-10-26,Customer_019,Smartphone,Books,Europe,3,157.1,471.29999999999995
875,2024-11-04,Customer_013,Shoes,Fashion,Europe,5,195.69,978.45
876,2025-07-03,Customer_048,Smartphone,Toys & Games,Australia,2,5.82,11.64
877,2025-05-15,Customer_028,Lamp,Books,Europe,6,342.43,2054.58
878,2024-04-07,Customer_040,Laptop,Books,South America,6,33.72,202.32
879,2025-01-23,Customer_035,Novel,Books,South America,2,369.06,738.12
880,2023-05-16,Customer_008,Lamp,Electronics,Europe,9,107.94,971.46
881,2025-08-07,Customer_031,T-shirt,Fashion,South America,9,86.56,779.04
882,2025-01-17,Customer_046,Board Game,Books,Asia,9,302.28,2720.5199999999995
883,2023-02-16,Customer_017,Headphones,Fashion,Australia,1,491.82,491.82
884,2024-05-11,Customer_002,Shoes,Fashion,Australia,1,213.92,213.92
885,2024-10-01,Customer_025,Lamp,Electronics,North America,6,435.31,2611.86
886,2025-07-18,Customer_017,Lamp,Books,North America,4,35.61,142.44
887,2023-12-04,Customer_046,Headphones,Fashion,Australia,6,256.79,1540.7400000000002
888,2023-06-07,Customer_028,Smartphone,Books,Europe,5,342.47,1712.3500000000001
889,2024-06-08,Customer_038,Novel,Books,Europe,2,190.82,381.64
890,2024-09-22,Customer_025,Action Figure,Home & Garden,Asia,2,69.09,138.18
891,2025-03-25,Customer_049,Action Figure,Toys & Games,Australia,3,12.63,37.89
892,2025-06-05,Customer_013,T-shirt,Books,South America,4,196.44,785.76
893,2023-10-16,Customer_005,Headphones,Electronics,South America,6,372.66,2235.96
894,2025-03-13,Customer_049,Board Game,Toys & Games,North America,3,495.32,1485.96
895,2023-04-26,Customer_047,Action Figure,Electronics,Australia,4,234.22,936.88
896,2024-08-22,Customer_041,Laptop,Electronics,North America,2,150.98,301.96
897,2024-09-28,Customer_015,Shoes,Electronics,Asia,8,176.6,1412.8
898,2024-02-14,Customer_050,Laptop,Home & Garden,North America,4,50.51,202.04
899,2023-06-24,Customer_011,Sofa,Toys & Games,Asia,5,227.81,1139.05
900,2024-05-13,Customer_028,Novel,Electronics,Australia,1,315.43,315.43
901,2025-05-25,Customer_015,Novel,Home & Garden,Asia,2,313.67,627.34
902,2024-07-18,Customer_039,T-shirt,Toys & Games,North America,9,11.32,101.88
903,2024-09-14,Customer_014,Action Figure,Electronics,Australia,2,318.7,637.4
904,2024-07-30,Customer_005,Headphones,Electronics,North America,8,334.51,2676.08
905,2023-11-29,Customer_023,Board Game,Books,South America,6,253.5,1521.0
906,2025-06-05,Customer_016,Sofa,Toys & Games,Europe,3,472.72,1418.16
907,2024-08-08,Customer_030,Smartphone,Fashion,Asia,5,132.73,663.65
908,2023-05-27,Customer_015,Novel,Electronics,Asia,2,426.7,853.4
909,2025-02-11,Customer_043,Novel,Electronics,Europe,9,91.24,821.16
910,2025-02-14,Customer_026,Smartphone,Electronics,Asia,4,134.67,538.68
911,2024-10-05,Customer_012,Sofa,Books,Asia,2,106.42,212.84
912,2023-02-18,Customer_032,Laptop,Books,South America,2,443.23,886.46
913,2023-03-18,Customer_028,Novel,Books,Australia,1,397.8,397.8
914,2023-10-21,Customer_023,Action Figure,Toys & Games,Asia,3,227.99,683.97
915,2023-04-27,Customer_047,T-shirt,Home & Garden,South America,2,192.12,384.24
916,2024-05-08,Customer_044,Sofa,Toys & Games,Asia,1,11.39,11.39
917,2024-07-14,Customer_021,Headphones,Home & Garden,Australia,7,352.46,2467.22
918,2023-04-20,Customer_003,Laptop,Fashion,South America,6,482.64,2895.84
919,2025-09-05,Customer_026,Action Figure,Toys & Games,Asia,7,390.37,2732.59
920,2023-06-29,Customer_001,Lamp,Electronics,South America,7,120.37,842.59
921,2024-07-15,Customer_032,Sofa,Fashion,Europe,6,135.93,815.58
922,2023-03-13,Customer_047,Shoes,Electronics,Asia,9,214.29,1928.61
923,2025-05-08,Customer_007,Action Figure,Home & Garden,North America,2,206.83,413.66
924,2024-03-09,Customer_019,Board Game,Books,Australia,8,120.01,960.08
925,2023-10-13,Customer_023,Laptop,Home & Garden,Asia,7,396.85,2777.9500000000003
926,2024-05-30,Customer_047,Novel,Toys & Games,Asia,4,394.11,1576.44
927,2023-03-16,Customer_026,Headphones,Fashion,North America,7,354.7,2482.9
928,2024-08-19,Customer_014,Action Figure,Fashion,South America,5,7.46,37.3
929,2024-05-05,Customer_013,Novel,Fashion,Australia,7,459.1,3213.7000000000003
930,2023-11-18,Customer_038,Lamp,Home & Garden,North America,7,172.09,1204.63
931,2025-06-06,Customer_020,Laptop,Toys & Games,Australia,8,19.27,154.16
932,2024-06-16,Customer_032,Sofa,Books,Asia,1,320.52,320.52
933,2023-07-28,Customer_029,Headphones,Fashion,Australia,4,370.11,1480.44
934,2023-02-12,Customer_020,Lamp,Books,South America,3,337.13,1011.39
935,2024-05-13,Customer_041,Action Figure,Fashion,Europe,4,198.5,794.0
936,2023-01-29,Customer_041,T-shirt,Fashion,Australia,8,431.28,3450.24
937,2024-02-15,Customer_026,Laptop,Home & Garden,Europe,4,181.47,725.88
938,2025-05-05,Customer_048,Shoes,Electronics,South America,4,271.44,1085.76
939,2023-06-30,Customer_030,T-shirt,Fashion,North America,4,461.27,1845.08
940,2023-11-01,Customer_029,Smartphone,Electronics,Australia,8,365.31,2922.48
941,2025-08-20,Customer_043,Action Figure,Home & Garden,Australia,4,51.86,207.44
942,2024-09-06,Customer_011,Headphones,Fashion,Australia,9,389.68,3507.12
943,2025-02-16,Customer_021,Action Figure,Toys & Games,Australia,7,451.34,3159.3799999999997
944,2023-09-16,Customer_018,Board Game,Fashion,Europe,7,413.57,2894.99
945,2024-01-08,Customer_001,Action Figure,Fashion,South America,3,241.0,723.0
946,2025-05-26,Customer_040,Novel,Toys & Games,Europe,4,413.45,1653.8
947,2025-01-15,Customer_039,Board Game,Toys & Games,Asia,5,42.44,212.2
948,2025-05-07,Customer_035,Shoes,Fashion,Asia,7,130.84,915.88
949,2024-01-16,Customer_002,Lamp,Books,North America,6,434.1,2604.6000000000004
950,2025-06-04,Customer_049,Shoes,Home & Garden,North America,6,25.49,152.94
951,2024-09-04,Customer_023,Novel,Books,Australia,3,202.04,606.12
952,2023-04-01,Customer_046,Novel,Fashion,Asia,2,430.93,861.86
953,2023-03-10,Customer_050,Headphones,Electronics,Europe,9,225.7,2031.3
954,2024-09-09,Customer_023,Novel,Toys & Games,South America,6,46.89,281.34000000000003
955,2024-06-06,Customer_040,Action Figure,Toys & Games,Asia,3,232.26,696.78
956,2023-01-13,Customer_029,T-shirt,Electronics,Asia,5,367.45,1837.25
957,2024-09-08,Customer_002,Shoes,Home & Garden,Europe,5,161.61,808.0500000000001
958,2023-08-14,Customer_022,Laptop,Home & Garden,Asia,2,453.73,907.46
959,2024-02-26,Customer_003,Headphones,Fashion,Europe,5,470.69,2353.45
960,2023-06-17,Customer_033,Sofa,Fashion,Europe,7,88.04,616.2800000000001
961,2025-07-17,Customer_007,T-shirt,Toys & Games,Europe,3,51.23,153.69
962,2024-01-14,Customer_039,Headphones,Electronics,Europe,4,153.18,612.72
963,2023-10-17,Customer_036,Novel,Electronics,Asia,4,237.18,948.72
964,2025-07-11,Customer_037,Shoes,Books,Asia,5,82.72,413.6
965,2023-04-10,Customer_024,Novel,Home & Garden,South America,8,124.58,996.64
966,2023-08-06,Customer_019,Shoes,Home & Garden,North America,6,466.98,2801.88
967,2023-11-03,Customer_039,Smartphone,Fashion,South America,3,358.87,1076.6100000000001
968,2023-12-11,Customer_026,T-shirt,Fashion,Europe,1,300.98,300.98
969,2023-07-30,Customer_047,Sofa,Home & Garden,Australia,1,355.44,355.44
970,2025-02-27,Customer_016,Shoes,Books,South America,4,6.35,25.4
971,2025-01-04,Customer_050,Headphones,Fashion,Australia,8,77.03,616.24
972,2024-10-30,Customer_028,Smartphone,Fashion,Australia,4,347.42,1389.68
973,2024-08-07,Customer_022,Shoes,Books,Asia,2,358.91,717.82
974,2023-10-02,Customer_002,T-shirt,Toys & Games,Europe,4,427.22,1708.88
975,2024-02-14,Customer_010,T-shirt,Home & Garden,North America,7,294.85,2063.9500000000003
976,2025-07-09,Customer_018,Lamp,Electronics,North America,8,280.84,2246.72
977,2024-07-05,Customer_012,Board Game,Electronics,North America,5,201.83,1009.1500000000001
978,2023-08-23,Customer_001,Board Game,Electronics,North America,3,409.2,1227.6
979,2024-09-27,Customer_004,Shoes,Electronics,North America,1,426.75,426.75
980,2023-10-12,Customer_037,Novel,Electronics,Australia,3,228.54,685.62
981,2024-10-26,Customer_021,T-shirt,Toys & Games,Australia,2,190.92,381.84
982,2024-10-20,Customer_020,Laptop,Home & Garden,Australia,1,29.95,29.95
983,2024-12-08,Customer_048,Laptop,Fashion,Europe,7,397.08,2779.56
984,2023-06-22,Customer_006,Laptop,Electronics,South America,4,338.16,1352.64
985,2024-12-24,Customer_021,Laptop,Books,Asia,4,222.4,889.6
986,2023-10-29,Customer_005,T-shirt,Electronics,Australia,7,254.82,1783.74
987,2025-04-02,Customer_042,Sofa,Toys & Games,Europe,7,448.55,3139.85
988,2023-01-01,Customer_017,Sofa,Home & Garden,Europe,6,439.45,2636.7
989,2023-05-19,Customer_017,Board Game,Books,Asia,4,93.65,374.6
990,2024-12-08,Customer_006,Headphones,Electronics,North America,5,425.26,2126.3
991,2025-06-21,Customer_033,Laptop,Toys & Games,Europe,1,257.32,257.32
992,2025-01-01,Customer_023,Novel,Electronics,South America,9,57.53,517.77
993,2025-05-17,Customer_004,Smartphone,Electronics,South America,1,159.18,159.18
994,2024-03-17,Customer_009,Board Game,Books,South America,2,345.04,690.08
995,2025-08-24,Customer_029,Board Game,Toys & Games,Europe,5,447.25,2236.25
996,2025-07-04,Customer_042,Laptop,Home & Garden,Europe,1,58.63,58.63
997,2023-06-12,Customer_011,Novel,Toys & Games,Europe,5,306.78,1533.8999999999999
998,2023-02-20,Customer_039,Lamp,Home & Garden,Europe,5,340.67,1703.3500000000001
999,2023-08-31,Customer_029,Novel,Home & Garden,South America,3,141.71,425.13
1000,2025-05-20,Customer_032,Board Game,Home & Garden,Asia,9,379.54,3415.86
